{"val/loss":10.905689239501953,"_step":0,"_timestamp":1.77672656532094e+09,"_runtime":1998,"mfu":-100,"_wandb":{"runtime":1998},"train/loss":10.905265808105469,"iter":0,"lr":2.998500749625187e-07}